web_scraper_order,web_scraper_start_url,data,image
"1789031274-1","https://www.caesar.co.il/","שיווק פרויקטים חדשים, למה לשים לב שקונים דירה מקבלן","http://www.caesar.co.il/wp-content/uploads/2012/10/blog4.jpg"
"1789031274-2","https://www.caesar.co.il/","כיצד לנהל את הנכסים והדירות שלך בתל אביב בצורה מיטבית","http://www.caesar.co.il/wp-content/uploads/2017/09/ניהול-נכסים-בתל-אביב.png"
"1789031274-3","https://www.caesar.co.il/","כיצד לנהל נכסים ודירות בצורה מיטבית","http://www.caesar.co.il/wp-content/uploads/2015/10/apartments2.jpg"
"1789031274-4","https://www.caesar.co.il/","מדריך מקיף לניהול נכסים בתל אביב","http://www.caesar.co.il/wp-content/uploads/2017/09/ניהול-נכסים-בתל-אביב.png"
"1789031274-5","https://www.caesar.co.il/","כיצד להצליח בניהול נכסים: עקרונות וטיפים לניהול נכסים בישראל","http://www.caesar.co.il/wp-content/uploads/2017/07/שטחים-מסחריים-בניינים-משרדים-בפתח-תקווה.jpg"
"1789031274-6","https://www.caesar.co.il/","ניהול נכסים ושיווק נכסים","http://www.caesar.co.il/wp-content/uploads/2013/06/club1.jpg"
"1789031274-7","https://www.caesar.co.il/","ניהול נכסים מתחמי מגורים דיור ונופש","http://www.caesar.co.il/wp-content/uploads/2017/12/540774_3357307064092_598863415_n-500x350.jpg"
"1789031274-8","https://www.caesar.co.il/","מה פירוש המילה ניהול נכסים ואחזקה ?","http://www.caesar.co.il/wp-content/uploads/2017/07/שטחים-מסחריים-בניינים-משרדים-בפתח-תקווה.jpg"
"1789031274-9","https://www.caesar.co.il/","מומחים ניהול נכסים – חברה לניהול נכסים בישראל","http://www.caesar.co.il/wp-content/uploads/2013/05/placeholder1.jpg"
"1789031274-10","https://www.caesar.co.il/","ניהול נכסים – מומחים לניהול נכסים החברה המובילה","http://www.caesar.co.il/wp-content/uploads/2013/05/placeholder1.jpg"
"1789031274-11","https://www.caesar.co.il/","חברה לניהול נכסים ללא עמלות ודמי ניהול","http://www.caesar.co.il/wp-content/uploads/2018/02/couple-looking-at-shop-window_1098-758-500x350.jpg"
"1789031274-12","https://www.caesar.co.il/","אחזקה וניהול נכסים: טובים השניים מין האחד","http://www.caesar.co.il/wp-content/uploads/2016/02/סעיף-1-500x350.png"
"1789031274-13","https://www.caesar.co.il/","חברת ניהול נכסים ואחזקת מבנים שחייבים להכיר!","http://www.caesar.co.il/wp-content/uploads/2016/02/סעיף-1-500x350.png"
"1789031274-14","https://www.caesar.co.il/","שיווק וניהול נכסים ושטחים מסחריים","http://www.caesar.co.il/wp-content/uploads/2018/02/couple-looking-at-shop-window_1098-758-500x350.jpg"
"1789031274-15","https://www.caesar.co.il/","ניהול קניונים – אפשר ליזום בשקט","http://www.caesar.co.il/wp-content/uploads/2018/02/couple-looking-at-shop-window_1098-758-500x350.jpg"
"1789031274-16","https://www.caesar.co.il/","ניהול נכסים במודיעין וביישובי הסביבה","http://www.caesar.co.il/wp-content/uploads/2020/12/434.jpg"
"1789031274-17","https://www.caesar.co.il/","ניהול נכסים בקריית אונו – ניהול הנכס ללא תשלום?","http://www.caesar.co.il/wp-content/uploads/2020/12/3434-309x350.jpg"
"1789031274-18","https://www.caesar.co.il/","ניהול נכסים בחדרה – בשיטה המושלמת","http://www.caesar.co.il/wp-content/uploads/2020/04/הורדה.jpg"
"1789031274-19","https://www.caesar.co.il/","ניהול נכסים ברמת השרון ובמגורי יוקרה","http://www.caesar.co.il/wp-content/uploads/2016/02/F0_0645_0378_ezor3-500x350.jpg"
"1789031274-20","https://www.caesar.co.il/","ניהול נכסים בחיפה | ניהול דירות להשקעה בחיפה","http://www.caesar.co.il/wp-content/uploads/2018/01/ניהול-נכסים-בחיפה.png"
"1789031274-21","https://www.caesar.co.il/","ניהול נכסים בראשון לציון ללא תשלום","http://www.caesar.co.il/wp-content/uploads/2016/11/ניהול-נכסים-בראשון-לציון.png"
"1789031274-22","https://www.caesar.co.il/","ניהול נכסים מניבים לבעלי נכסים שאוהבים ראש שקט","http://www.caesar.co.il/wp-content/uploads/2018/01/מגדל-מידטאון-500x350.jpg"
"1789031274-23","https://www.caesar.co.il/","ניהול קניונים | ניהול מרכזי קניות | ניהול נכסים מניבים | ניהול מרכזים מסחריים","http://www.caesar.co.il/wp-content/uploads/2018/02/couple-looking-at-shop-window_1098-758-500x350.jpg"
"1789031274-24","https://www.caesar.co.il/","שיווק וניהול נכסים | ניהול נכסים מניבים | שיווק ניהול נכסים מסחריים | ניהול ואחזקת מבנים","http://www.caesar.co.il/wp-content/uploads/2017/03/Caesar-Marketing-and-Management-Office-Buildings-500x350.jpg"
"1789031274-25","https://www.caesar.co.il/","ניהול נכסים בכפר סבא | ניהולנכסים מניבים בכפר סבא | ניהול קניונים בכפר סבא | אחזקת מבנים  בכפר סבא | ניהול נכסים מסחריים בכפר סבא","http://www.caesar.co.il/wp-content/uploads/2019/11/34534.jpg"
"1789031274-26","https://www.caesar.co.il/","נכסים מניבים לך יותר – בשיטת המושלמת","http://www.caesar.co.il/wp-content/uploads/2018/02/couple-looking-at-shop-window_1098-758-500x350.jpg"
"1789031274-27","https://www.caesar.co.il/","ניהול ואחזקת מבנים מכל הסוגים מידי המומחים של קיסר","http://www.caesar.co.il/wp-content/uploads/2017/04/קניון-עזריאלי-מרכזים-מסחריים.jpg"
"1789031274-28","https://www.caesar.co.il/","אחזקת מבנים – כל השאלות שלא חשבת לשאול","http://www.caesar.co.il/wp-content/uploads/2017/07/שטחים-מסחריים-בניינים-משרדים-בפתח-תקווה.jpg"
"1789031274-29","https://www.caesar.co.il/","ניהול קניונים ומרכזי קניות","http://www.caesar.co.il/wp-content/uploads/2018/02/couple-looking-at-shop-window_1098-758-500x350.jpg"
"1789031274-30","https://www.caesar.co.il/","ניהול נכסים ברעננה | החברה המומלצת ברעננה","http://www.caesar.co.il/wp-content/uploads/2019/07/הורדה.jpg"
"1789031274-31","https://www.caesar.co.il/","ניהול נכסים בגבעתיים | החברה המומלצת לניהול נכסים","http://www.caesar.co.il/wp-content/uploads/2019/07/logo200X200-1.png"
"1789031274-32","https://www.caesar.co.il/","ניהול נכסים בבני ברק בסטנדרט גבוה | ניהול נכסים | שירות מומלץ בפריסה ארצית","http://www.caesar.co.il/wp-content/uploads/2019/07/LogoShare.jpg"
"1789031274-33","https://www.caesar.co.il/","ניהול נכסים בהוד השרון | חברה מומלצת לניהול נכסים  | שירות מומלץ בפריסה ארצית","http://www.caesar.co.il/wp-content/uploads/2019/07/images.png"
"1789031274-34","https://www.caesar.co.il/","ניהול נכסים בבת ים בסטנדרט גבוה | ניהול נכסים | שירות מומלץ בפריסה ארצית","http://www.caesar.co.il/wp-content/uploads/2019/02/354345-500x350.png"
"1789031274-35","https://www.caesar.co.il/","ניהול נכסים בקיסריה בסטנדרט גבוה | ניהול נכסים | שירות מומלץ בפריסה ארצית","http://www.caesar.co.il/wp-content/uploads/2015/01/1907881_751063391596511_5711504969375617804_n.jpg"
"1789031274-36","https://www.caesar.co.il/","חברה מומלצת ומקצועית ל ניהול נכסים, אחזקת מבנים, ניהול קניונים, מרכזים מסחריים, נכסים מניבים, שאתם חייבים להכיר","http://www.caesar.co.il/wp-content/uploads/2018/02/couple-looking-at-shop-window_1098-758-500x350.jpg"
"1789031274-37","https://www.caesar.co.il/","ניהול נכסים באשדוד | ניהול נכסים ללא תשלום | אחזקת מבנים באשדוד | חברה לניהול נכסים מניבים באשדוד | ניהול דירות להשכרה באשדוד | ניהול קניונים | ניהול מרכזים מסחריים","http://www.caesar.co.il/wp-content/uploads/2018/10/אשדוד.png"
"1789031274-38","https://www.caesar.co.il/","ניהול נכסים בקריות | ניהול נכסים ללא תשלום | אחזקת מבנים בקריות | חברה לניהול נכסים מניבים בקריות | ניהול דירות להשכרה בקריות | ניהול קניונים | ניהול מרכזים מסחריים","http://www.caesar.co.il/wp-content/uploads/2018/01/ניהול-נכסים-בחיפה-500x350.jpg"
"1789031274-39","https://www.caesar.co.il/","ניהול נכסים בירושלים | ניהול נכסים ללא תשלום | אחזקת מבנים בירושלים | חברה לניהול נכסים בירושלים | ניהול דירות להשכרה בירושלים | חברות ניהול נכסים","http://www.caesar.co.il/wp-content/uploads/2016/11/קיסר-ניהול-נכסים-בירושלים-500x350.jpg"
"1789031274-40","https://www.caesar.co.il/","ניהול קניונים | ניהול מרכזים מסחריים | ניהול נכסים מסחריים | ניהול ואחזקת מבנים | ניהול ואחזקת קניונים | חברות לניהול קניונים | אחזקת מבנים","http://www.caesar.co.il/wp-content/uploads/2018/02/couple-looking-at-shop-window_1098-758-500x350.jpg"
"1789031274-41","https://www.caesar.co.il/","ניהול נכסים בנתניה | ניהול נכסים ללא תשלום | אחזקת מבנים בנתניה | חברה לניהול נכסים בנתניה | ניהול דירות להשכרה בנתניה","http://www.caesar.co.il/wp-content/uploads/2017/04/Management-Nessam-Netanya.jpg"
"1789031274-42","https://www.caesar.co.il/","ניהול נכסים בהרצליה | ניהול נכסים ללא תשלום | אחזקת מבנים בהרצליה | חברה לניהול נכסים בהרצליה | ניהול דירות להשכרה בהרצליה פיתוח","http://www.caesar.co.il/wp-content/uploads/2018/02/32442342342.png"
"1789031274-43","https://www.caesar.co.il/","קיסר | חברה לשיווק פרויקטים | חברות לשיווק פרויקטים | חברות שיווק פרויקטים בנדל""ן | שיווק פרויקטים חדשים","http://www.caesar.co.il/wp-content/uploads/2018/01/2222-500x350.jpg"
"1789031274-44","https://www.caesar.co.il/","ניהול ואחזקת מבנים | חברה לאחזקת מבנים | ניהול נכסים | ניהול קניונים | ניהול מרכזים מסחריים","http://www.caesar.co.il/wp-content/uploads/2018/01/מגדל-מידטאון-500x350.jpg"
"1789031274-45","https://www.caesar.co.il/","ניהול נכסים בחיפה | ניהול נכסים ללא תשלום | אחזקת מבנים בחיפה | חברה לניהול נכסים בחיפה | ניהול דירות להשכרה בחיפה","http://www.caesar.co.il/wp-content/uploads/2018/01/ניהול-נכסים-בחיפה.png"
"1789031274-46","https://www.caesar.co.il/","ניהול נכסים ברמת גן | ניהול נכסים ללא תשלום | אחזקת מבנים | חברה לניהול נכסים ברמת גן | ניהול דירות להשכרה ברמת גן","http://www.caesar.co.il/wp-content/uploads/2018/01/ניהול-נכסים-ברמת-גן-500x350.png"
"1789031274-47","https://www.caesar.co.il/","ניהול נכסים בתל אביב | ניהול נכסים ללא תשלום בתל אביב | חברה לניהול נכסים בתל אביב | ניהול דירות להשכרה בתל אביב","http://www.caesar.co.il/wp-content/uploads/2017/09/ניהול-נכסים-בתל-אביב.png"
"1789031274-48","https://www.caesar.co.il/","אחזקת מבנים | חברות אחזקה וניהול מבנים | חברות אחזקה | חברה לאחזקת מבנים | ניהול נכסים ואחזקת מבנים","http://www.caesar.co.il/wp-content/uploads/2017/07/שטחים-מסחריים-בניינים-משרדים-בפתח-תקווה.jpg"
"1789031274-49","https://www.caesar.co.il/","ניהול נכסים | חברות לניהול נכסים | חברה לניהול נכסים | חברות ניהול נכסים | ניהול דירות להשכרה","http://www.caesar.co.il/wp-content/uploads/2017/12/20171207_154745-500x350.jpg"
"1789031274-50","https://www.caesar.co.il/","ניהול קניונים | ניהול מרכזים מסחריים | אחזקת מבנים | ניהול נכסים מסחריים | ניהול ואחזקת מבנים | ניהול ואחזקת קניונים | חברות לניהול קניונים","http://www.caesar.co.il/wp-content/uploads/2017/12/20171029_092718-500x350.jpg"
"1789031274-51","https://www.caesar.co.il/","עיצוב פנים | ניהול דירות להשכרה / למכירה ללא תשלום | חברה לניהול דירות להשכרה | אחזקת דירות | חברה לניהול נכסים","http://www.caesar.co.il/wp-content/uploads/2016/08/Sam-693.jpg"
"1789031274-52","https://www.caesar.co.il/","ניהול נכסים בתל אביב יפו | ניהול נכסים ללא תשלום בת""א | אחזקת מבנים | חברה לניהול נכסים ביפו תל אביב | ניהול דירות להשכרה","http://www.caesar.co.il/wp-content/uploads/2017/09/ניהול-נכסים-בתל-אביב.png"
"1789031274-53","https://www.caesar.co.il/","ניהול נכסים בפתח תקווה | ניהול נכסים ללא תשלום | אחזקת מבנים | חברה לניהול נכסים בפ""ת | ניהול דירות להשכרה","http://www.caesar.co.il/wp-content/uploads/2017/07/שטחים-מסחריים-בניינים-משרדים-בפתח-תקווה.jpg"
"1789031274-54","https://www.caesar.co.il/","ניהול נכסים ללא תשלום | ניהול נכסים מניבים | חברה לניהול נכסים מסחריים | ניהול דירות שכורות","http://www.caesar.co.il/wp-content/uploads/2015/10/ניהול-דירות-להשקעה-וליווי-משקיעים.png"
"1789031274-55","https://www.caesar.co.il/","השוואת מחירים בין חברות לניהול נכסים | מחיר עלות דמי ניהול נכסים מסחריים | דמי ניהול קניונים","http://www.caesar.co.il/wp-content/uploads/2013/05/caesar300.jpg"
"1789031274-56","https://www.caesar.co.il/","איך בוחרים חברה לניהול ואחזקת מבנים קניונים מרכזים מסחריים?","http://www.caesar.co.il/wp-content/uploads/2016/10/קיסר-שיווק-ו-ניהול-בנייני-משרדים-500x350.jpg"
"1789031274-57","https://www.caesar.co.il/","בבעלותכם נכסים? אתם חייבים להחליף את החברה לניהול נכסים שלכם","http://www.caesar.co.il/wp-content/uploads/2013/05/placeholder1.jpg"
"1789031274-58","https://www.caesar.co.il/","ניהול ואחזקת נכסים | היתרונות בלקיחת חברת ניהול נכסים שתנהל לכם את הנכס? במי נבחר?","http://www.caesar.co.il/wp-content/uploads/2013/05/placeholder1.jpg"
"1789031274-59","https://www.caesar.co.il/","ניהול נכסים בתל אביב | חברה מומלצת לניהול נכסים | אחזקת מבנים | ניהול דירות להשכרה בתל אביב","http://www.caesar.co.il/wp-content/uploads/2017/09/ניהול-נכסים-בתל-אביב.png"
"1789031274-60","https://www.caesar.co.il/","קיסר ניהול נכסים בנתניה: ניהול נכסים, דירות, מגדלים, מבנים, מרכזים שטחים, קניונים, מסחריים בנתניה","http://www.caesar.co.il/wp-content/uploads/2017/04/Management-Nessam-Netanya.jpg"
"1789031274-61","https://www.caesar.co.il/","איך בוחרים חברה לניהול מגדלי מגורים, מתחמי מגורי יוקרה?","http://www.caesar.co.il/wp-content/uploads/2015/05/121118258_c.jpg"
"1789031274-62","https://www.caesar.co.il/","ניהול נכסים בבני ברק: מרכזים, מבנים, דירות, משרדים, קניונים, מגדלים, מסחריים בבני ברק","http://www.caesar.co.il/wp-content/uploads/2017/04/ניהול-נכסים-בבני-ברק.png"
"1789031274-63","https://www.caesar.co.il/","ניהול נכסים בפתח תקווה: מבנים, דירות, קניונים, מרכזים, מגדלים, שטחים מסחריים בפתח תקווה","http://www.caesar.co.il/wp-content/uploads/2017/04/ניהול-נכסים-בפתח-תקווה-500x350.png"
"1789031274-64","https://www.caesar.co.il/","ניהול נכסים בתל אביב: במה שונה ניהול נכסים בתל אביב?","http://www.caesar.co.il/wp-content/uploads/2013/06/gimnasia03-Medium.jpg"
"1789031274-65","https://www.caesar.co.il/","חברת אחזקות וניהול מבנים מרכזים קניונים מסחריים מומלצת","http://www.caesar.co.il/wp-content/uploads/2017/03/Caesar-Marketing-and-Management-Office-Buildings-500x350.jpg"
"1789031274-66","https://www.caesar.co.il/","זכיינות מהי? מהם הדברים שצריך לשים לב לפני שמצטרפים כזכיין לרשת זכיינים ?","http://www.caesar.co.il/wp-content/uploads/2015/10/ניהול-פרויקטים-ופיקוח-בניה1.png"
"1789031274-67","https://www.caesar.co.il/","ניהול נכסים מסחריים: מדוע קניונים או מרכזים מסחריים חייבים חברת אחזקה וניהול הקניון או המרכז המסחרי","http://www.caesar.co.il/wp-content/uploads/2012/10/moshe_aviv.jpg"
"1789031274-68","https://www.caesar.co.il/","ניהול מבנים מסחריים, תפקידה של חברת ניהול נכסים בעידן המתקדם","http://www.caesar.co.il/wp-content/uploads/2013/05/placeholder1.jpg"
"1789031274-69","https://www.caesar.co.il/","ניהול נכסים בתל אביב, ניהול נכסים בהרצליה, ניהול נכסים בישראל","http://www.caesar.co.il/wp-content/uploads/2017/01/194046_196181003749708_7825798_o-500x350.jpg"
"1789031274-70","https://www.caesar.co.il/","להיות זכיינים, זכיין ברשת נדל""ן, מתווכים, ניהול נכסים","http://www.caesar.co.il/wp-content/uploads/2016/02/F0_0645_0378_ezor3-500x350.jpg"
"1789031274-71","https://www.caesar.co.il/","ניהול נכסים בתל אביב – שירות ""הכל כלול"" בתל אביב","http://www.caesar.co.il/wp-content/uploads/2015/05/121118258_c.jpg"
"1789031274-72","https://www.caesar.co.il/","אזורי שירות, ניהול נכסים, ניהול דירות","http://www.caesar.co.il/wp-content/uploads/2015/01/1907881_751063391596511_5711504969375617804_n.jpg"
"1789031274-73","https://www.caesar.co.il/","ניהול נכסים | ניהול דירות בתל אביב בת""א | אחלה שירות וללא תשלום","http://www.caesar.co.il/wp-content/uploads/2016/08/Sam-693.jpg"
"1789031274-74","https://www.caesar.co.il/","ניהול נכסים שיווק בתי יוקרה, דירות יוקרה, מגדלי יוקרה, מגורי יוקרה בישראל?","http://www.caesar.co.il/wp-content/uploads/2016/10/Ramot-Hashavim-500x350.jpg"
"1789031274-75","https://www.caesar.co.il/","איך בוחרים חברה לשיווק פרויקטים חדשים למגורים?","http://www.caesar.co.il/wp-content/uploads/2014/07/5-322-20080806-1908.jpg"
"1789031274-76","https://www.caesar.co.il/","קיסר ניהול נכסים בירושלים מנהלת את כל סוגי הנכסים בירושלים","http://www.caesar.co.il/wp-content/uploads/2013/05/donate1.jpg"
"1789031274-77","https://www.caesar.co.il/","ניהול נכסים בראשון לציון | ניהול דירות בראשון לציון | חברה לניהול נכסים בראשון לציון","http://www.caesar.co.il/wp-content/uploads/2016/11/ניהול-נכסים-בראשון-לציון.png"
"1789031274-78","https://www.caesar.co.il/","ניהול נכסים בבת ים | ניהול דירות בבת ים | חברה לניהול נכסים בבת ים","http://www.caesar.co.il/wp-content/uploads/2016/05/Caesar-Management-Properties-Bat-Yam-500x350.jpg"
"1789031274-79","https://www.caesar.co.il/","חברה מומלצת לניהול נכסים ברמת גן וניהול דירות ברמת גן","http://www.caesar.co.il/wp-content/uploads/2016/10/קיסר-שיווק-ו-ניהול-בנייני-משרדים-500x350.jpg"
"1789031274-80","https://www.caesar.co.il/","חברה מומלצת לניהול נכסים ודירות? נכון אין כמו קיסר","http://www.caesar.co.il/wp-content/uploads/2013/05/donate1.jpg"
"1789031274-81","https://www.caesar.co.il/","ניהול נכסים בתל אביב זה קיסר אחזקות ניהול נכסים","http://www.caesar.co.il/wp-content/uploads/2015/05/121118258_c.jpg"
"1789031274-82","https://www.caesar.co.il/","דירה להשקעה: האם שווה לנו למכור את הדירה למגורים שלנו ולקנות דירות להשקעה?","http://www.caesar.co.il/wp-content/uploads/2015/01/o2_1_1_78290_20091115191101.jpg"
"1789031274-83","https://www.caesar.co.il/","דניאל אסייג הבן של הסטנדאפיסט שלום אסייג הצטרף לחוג הלקוחות של קיסר ניהול נכסים","http://www.caesar.co.il/wp-content/uploads/2014/04/images.jpg"
"1789031274-84","https://www.caesar.co.il/","הטיפים החשובים למכירת דירה ביעילות ומהירות? ניהול נכסים","http://www.caesar.co.il/wp-content/uploads/2012/10/blog4.jpg"
"1789031274-85","https://www.caesar.co.il/","ניהול נכסים או מתווכים? איך בוחרים חברה לניהול נכסים?","http://www.caesar.co.il/wp-content/uploads/2013/05/Depositphotos_3365206_xs.jpg"
"1789031274-86","https://www.caesar.co.il/","דירות להשקעה בחיפה או דירות להשקעה בתל אביב, מה ההבדל ?","http://www.caesar.co.il/wp-content/uploads/2013/05/215A3476_Itamar-Grinberg-German-Colony-and-Bahai-Garden_norm.jpg"
"1789031274-87","https://www.caesar.co.il/","קבוצות רכישה למה זה טוב ומה הסיכונים","http://www.caesar.co.il/wp-content/uploads/2013/05/Depositphotos_6161778_S.jpg"
"1789031274-88","https://www.caesar.co.il/","פנג שואי (מה חשוב לשים לב) ולמה זה חשוב לאנרגיות בבית","http://www.caesar.co.il/wp-content/uploads/2013/05/feng-shui-colors.jpg"
"1789031274-89","https://www.caesar.co.il/","מוכר דירה? איך לעצב את הדירה בכלום כסף שתיראה לקונים מיליון דולר","http://www.caesar.co.il/wp-content/uploads/2013/05/interior0252-436x300.jpg"
"1789031274-90","https://www.caesar.co.il/","מה הם הטיפים לבחירת בעל מקצוע","http://www.caesar.co.il/wp-content/uploads/2013/05/Bronx-handyman-service.jpg"
"1789031274-91","https://www.caesar.co.il/","למה פרויקטים של תמ""א 38 אינם מתרוממים","http://www.caesar.co.il/wp-content/uploads/2013/05/fotolia_45621797.jpg"
"1789031274-92","https://www.caesar.co.il/","ניהול נכסים | חברה מומלצת לניהול נכסים ודירות בהרצליה זה קיסר ניהול נכסים","http://www.caesar.co.il/wp-content/uploads/2015/05/Herzliya_Marina_Aerial_View.jpg"
"1789031274-93","https://www.caesar.co.il/","שיווק פרויקטים חדשים, למה לשים לב שקונים דירה מקבלן","http://www.caesar.co.il/wp-content/uploads/2012/10/blog4.jpg"
"1789031274-94","https://www.caesar.co.il/","כיצד לנהל את הנכסים והדירות שלך בתל אביב בצורה מיטבית","http://www.caesar.co.il/wp-content/uploads/2017/09/ניהול-נכסים-בתל-אביב.png"
